id,name,icao,iata,base,handler,taxi_in_minutes,taxi_out_minutes,callsign_parameters,aircraft_types,load_factor,containers,delete
,Keflavik International Airport,BIKF,KEF,FALSE,,,,DKH,Boeing 738,AIRBUS A319,McDonnell Douglas MD-11,Bombardier Challenger 650,AIRBUS A340-600,AIRBUS A320,AIRBUS A320 Neo,AIRBUS A321,BOEING B787,Boeing 737 MAX,,,no
,Brussels Airport,EBBR,BRU,FALSE,,,,DKH,Boeing 738,AIRBUS A319,McDonnell Douglas MD-11,Bombardier Challenger 650,AIRBUS A340-600,AIRBUS A320,AIRBUS A320 Neo,AIRBUS A321,BOEING B787,Boeing 737 MAX,,,no
,Stuttgart Airport,EDDS,STR,FALSE,,,,DKH,Boeing 738,AIRBUS A319,McDonnell Douglas MD-11,Bombardier Challenger 650,AIRBUS A340-600,AIRBUS A320,AIRBUS A320 Neo,AIRBUS A321,BOEING B787,Boeing 737 MAX,,,no
,Cologne Bonn Airport,EDDK,CGN,FALSE,,,,DKH,Boeing 738,AIRBUS A319,McDonnell Douglas MD-11,Bombardier Challenger 650,AIRBUS A340-600,AIRBUS A320,AIRBUS A320 Neo,AIRBUS A321,BOEING B787,Boeing 737 MAX,,,no
,Düsseldorf Airport,EDDL,DUS,FALSE,,,,DKH,Boeing 738,AIRBUS A319,McDonnell Douglas MD-11,Bombardier Challenger 650,AIRBUS A340-600,AIRBUS A320,AIRBUS A320 Neo,AIRBUS A321,BOEING B787,Boeing 737 MAX,,,no
,Berlin Brandenburg Airport,EDDB,BER,FALSE,,,,DKH,Boeing 738,AIRBUS A319,McDonnell Douglas MD-11,Bombardier Challenger 650,AIRBUS A340-600,AIRBUS A320,AIRBUS A320 Neo,AIRBUS A321,BOEING B787,Boeing 737 MAX,,,no
,Hamburg Helmut Schmidt Airport,EDDH,HAM,FALSE,,,,DKH,Boeing 738,AIRBUS A319,McDonnell Douglas MD-11,Bombardier Challenger 650,AIRBUS A340-600,AIRBUS A320,AIRBUS A320 Neo,AIRBUS A321,BOEING B787,Boeing 737 MAX,,,no
,Frankfurt am Main Airport,EDDF,FRA,FALSE,,,,DKH,Boeing 738,AIRBUS A319,McDonnell Douglas MD-11,Bombardier Challenger 650,AIRBUS A340-600,AIRBUS A320,AIRBUS A320 Neo,AIRBUS A321,BOEING B787,Boeing 737 MAX,,,no
,Hannover Airport,EDDV,HAJ,FALSE,,,,DKH,Boeing 738,AIRBUS A319,McDonnell Douglas MD-11,Bombardier Challenger 650,AIRBUS A340-600,AIRBUS A320,AIRBUS A320 Neo,AIRBUS A321,BOEING B787,Boeing 737 MAX,,,no
,Nuremberg Airport,EDDN,NUE,FALSE,,,,DKH,Boeing 738,AIRBUS A319,McDonnell Douglas MD-11,Bombardier Challenger 650,AIRBUS A340-600,AIRBUS A320,AIRBUS A320 Neo,AIRBUS A321,BOEING B787,Boeing 737 MAX,,,no
,Munich Airport,EDDM,MUC,FALSE,,,,DKH,Boeing 738,AIRBUS A319,McDonnell Douglas MD-11,Bombardier Challenger 650,AIRBUS A340-600,AIRBUS A320,AIRBUS A320 Neo,AIRBUS A321,BOEING B787,Boeing 737 MAX,,,no
,Leipzig/Halle Airport,EDDP,LEJ,FALSE,,,,DKH,Boeing 738,AIRBUS A319,McDonnell Douglas MD-11,Bombardier Challenger 650,AIRBUS A340-600,AIRBUS A320,AIRBUS A320 Neo,AIRBUS A321,BOEING B787,Boeing 737 MAX,,,no
,Lennart Meri Tallinn Airport,EETN,TLL,FALSE,,,,DKH,Boeing 738,AIRBUS A319,McDonnell Douglas MD-11,Bombardier Challenger 650,AIRBUS A340-600,AIRBUS A320,AIRBUS A320 Neo,AIRBUS A321,BOEING B787,Boeing 737 MAX,,,no
,Helsinki Vantaa Airport,EFHK,HEL,FALSE,,,,DKH,Boeing 738,AIRBUS A319,McDonnell Douglas MD-11,Bombardier Challenger 650,AIRBUS A340-600,AIRBUS A320,AIRBUS A320 Neo,AIRBUS A321,BOEING B787,Boeing 737 MAX,,,no
,Birmingham International Airport,EGBB,BHX,FALSE,,,,DKH,Boeing 738,AIRBUS A319,McDonnell Douglas MD-11,Bombardier Challenger 650,AIRBUS A340-600,AIRBUS A320,AIRBUS A320 Neo,AIRBUS A321,BOEING B787,Boeing 737 MAX,,,no
,Manchester Airport,EGCC,MAN,FALSE,,,,DKH,Boeing 738,AIRBUS A319,McDonnell Douglas MD-11,Bombardier Challenger 650,AIRBUS A340-600,AIRBUS A320,AIRBUS A320 Neo,AIRBUS A321,BOEING B787,Boeing 737 MAX,,,no
,Belfast International Airport,EGAA,BFS,FALSE,,,,DKH,Boeing 738,AIRBUS A319,McDonnell Douglas MD-11,Bombardier Challenger 650,AIRBUS A340-600,AIRBUS A320,AIRBUS A320 Neo,AIRBUS A321,BOEING B787,Boeing 737 MAX,,,no
,London Heathrow Airport,EGLL,LHR,FALSE,,,,DKH,Boeing 738,AIRBUS A319,McDonnell Douglas MD-11,Bombardier Challenger 650,AIRBUS A340-600,AIRBUS A320,AIRBUS A320 Neo,AIRBUS A321,BOEING B787,Boeing 737 MAX,,,no
,London Gatwick Airport,EGKK,LGW,FALSE,,,,DKH,Boeing 738,AIRBUS A319,McDonnell Douglas MD-11,Bombardier Challenger 650,AIRBUS A340-600,AIRBUS A320,AIRBUS A320 Neo,AIRBUS A321,BOEING B787,Boeing 737 MAX,,,no
,London Luton Airport,EGGW,LTN,FALSE,,,,DKH,Boeing 738,AIRBUS A319,McDonnell Douglas MD-11,Bombardier Challenger 650,AIRBUS A340-600,AIRBUS A320,AIRBUS A320 Neo,AIRBUS A321,BOEING B787,Boeing 737 MAX,,,no
,Glasgow International Airport,EGPF,GLA,FALSE,,,,DKH,Boeing 738,AIRBUS A319,McDonnell Douglas MD-11,Bombardier Challenger 650,AIRBUS A340-600,AIRBUS A320,AIRBUS A320 Neo,AIRBUS A321,BOEING B787,Boeing 737 MAX,,,no
,Edinburgh Airport,EGPH,EDI,FALSE,,,,DKH,Boeing 738,AIRBUS A319,McDonnell Douglas MD-11,Bombardier Challenger 650,AIRBUS A340-600,AIRBUS A320,AIRBUS A320 Neo,AIRBUS A321,BOEING B787,Boeing 737 MAX,,,no
,London Stansted Airport,EGSS,STN,FALSE,,,,DKH,Boeing 738,AIRBUS A319,McDonnell Douglas MD-11,Bombardier Challenger 650,AIRBUS A340-600,AIRBUS A320,AIRBUS A320 Neo,AIRBUS A321,BOEING B787,Boeing 737 MAX,,,no
,Eindhoven Airport,EHEH,EIN,FALSE,,,,DKH,Boeing 738,AIRBUS A319,McDonnell Douglas MD-11,Bombardier Challenger 650,AIRBUS A340-600,AIRBUS A320,AIRBUS A320 Neo,AIRBUS A321,BOEING B787,Boeing 737 MAX,,,no
,Amsterdam Airport Schiphol,EHAM,AMS,FALSE,,,,DKH,Boeing 738,AIRBUS A319,McDonnell Douglas MD-11,Bombardier Challenger 650,AIRBUS A340-600,AIRBUS A320,AIRBUS A320 Neo,AIRBUS A321,BOEING B787,Boeing 737 MAX,,,no
,Billund Airport,EKBI,BLL,FALSE,,,,DKH,Boeing 738,AIRBUS A319,McDonnell Douglas MD-11,Bombardier Challenger 650,AIRBUS A340-600,AIRBUS A320,AIRBUS A320 Neo,AIRBUS A321,BOEING B787,Boeing 737 MAX,,,no
,Dublin Airport,EIDW,DUB,FALSE,,,,DKH,Boeing 738,AIRBUS A319,McDonnell Douglas MD-11,Bombardier Challenger 650,AIRBUS A340-600,AIRBUS A320,AIRBUS A320 Neo,AIRBUS A321,BOEING B787,Boeing 737 MAX,,,no
,Copenhagen Kastrup Airport,EKCH,CPH,FALSE,,,,DKH,Boeing 738,AIRBUS A319,McDonnell Douglas MD-11,Bombardier Challenger 650,AIRBUS A340-600,AIRBUS A320,AIRBUS A320 Neo,AIRBUS A321,BOEING B787,Boeing 737 MAX,,,no
,Shannon Airport,EINN,SNN,FALSE,,,,DKH,Boeing 738,AIRBUS A319,McDonnell Douglas MD-11,Bombardier Challenger 650,AIRBUS A340-600,AIRBUS A320,AIRBUS A320 Neo,AIRBUS A321,BOEING B787,Boeing 737 MAX,,,no
,Bergen Airport, Flesland,ENBR,BGO,FALSE,,,,DKH,Boeing 738,AIRBUS A319,McDonnell Douglas MD-11,Bombardier Challenger 650,AIRBUS A340-600,AIRBUS A320,AIRBUS A320 Neo,AIRBUS A321,BOEING B787,Boeing 737 MAX,,,no
,Oslo Airport, Gardermoen,ENGM,OSL,FALSE,,,,DKH,Boeing 738,AIRBUS A319,McDonnell Douglas MD-11,Bombardier Challenger 650,AIRBUS A340-600,AIRBUS A320,AIRBUS A320 Neo,AIRBUS A321,BOEING B787,Boeing 737 MAX,,,no
,Luxembourg-Findel International Airport,ELLX,LUX,FALSE,,,,DKH,Boeing 738,AIRBUS A319,McDonnell Douglas MD-11,Bombardier Challenger 650,AIRBUS A340-600,AIRBUS A320,AIRBUS A320 Neo,AIRBUS A321,BOEING B787,Boeing 737 MAX,,,no
,Stavanger Airport, Sola,ENZV,SVG,FALSE,,,,DKH,Boeing 738,AIRBUS A319,McDonnell Douglas MD-11,Bombardier Challenger 650,AIRBUS A340-600,AIRBUS A320,AIRBUS A320 Neo,AIRBUS A321,BOEING B787,Boeing 737 MAX,,,no
,Tromsø Airport, Langnes,ENTC,TOS,FALSE,,,,DKH,Boeing 738,AIRBUS A319,McDonnell Douglas MD-11,Bombardier Challenger 650,AIRBUS A340-600,AIRBUS A320,AIRBUS A320 Neo,AIRBUS A321,BOEING B787,Boeing 737 MAX,,,no
,Trondheim Airport, Værnes,ENVA,TRD,FALSE,,,,DKH,Boeing 738,AIRBUS A319,McDonnell Douglas MD-11,Bombardier Challenger 650,AIRBUS A340-600,AIRBUS A320,AIRBUS A320 Neo,AIRBUS A321,BOEING B787,Boeing 737 MAX,,,no
,Gdańsk Lech Wałęsa Airport,EPGD,GDN,FALSE,,,,DKH,Boeing 738,AIRBUS A319,McDonnell Douglas MD-11,Bombardier Challenger 650,AIRBUS A340-600,AIRBUS A320,AIRBUS A320 Neo,AIRBUS A321,BOEING B787,Boeing 737 MAX,,,no
,Kraków John Paul II International Airport,EPKK,KRK,FALSE,,,,DKH,Boeing 738,AIRBUS A319,McDonnell Douglas MD-11,Bombardier Challenger 650,AIRBUS A340-600,AIRBUS A320,AIRBUS A320 Neo,AIRBUS A321,BOEING B787,Boeing 737 MAX,,,no
,Warsaw Chopin Airport,EPWA,WAW,FALSE,,,,DKH,Boeing 738,AIRBUS A319,McDonnell Douglas MD-11,Bombardier Challenger 650,AIRBUS A340-600,AIRBUS A320,AIRBUS A320 Neo,AIRBUS A321,BOEING B787,Boeing 737 MAX,,,no
,Gothenburg-Landvetter Airport,ESGG,GOT,FALSE,,,,DKH,Boeing 738,AIRBUS A319,McDonnell Douglas MD-11,Bombardier Challenger 650,AIRBUS A340-600,AIRBUS A320,AIRBUS A320 Neo,AIRBUS A321,BOEING B787,Boeing 737 MAX,,,no
,Stockholm-Arlanda Airport,ESSA,ARN,FALSE,,,,DKH,Boeing 738,AIRBUS A319,McDonnell Douglas MD-11,Bombardier Challenger 650,AIRBUS A340-600,AIRBUS A320,AIRBUS A320 Neo,AIRBUS A321,BOEING B787,Boeing 737 MAX,,,no
,Riga International Airport,EVRA,RIX,FALSE,,,,DKH,Boeing 738,AIRBUS A319,McDonnell Douglas MD-11,Bombardier Challenger 650,AIRBUS A340-600,AIRBUS A320,AIRBUS A320 Neo,AIRBUS A321,BOEING B787,Boeing 737 MAX,,,no
,Vilnius International Airport,EYVI,VNO,FALSE,,,,DKH,Boeing 738,AIRBUS A319,McDonnell Douglas MD-11,Bombardier Challenger 650,AIRBUS A340-600,AIRBUS A320,AIRBUS A320 Neo,AIRBUS A321,BOEING B787,Boeing 737 MAX,,,no
,Gran Canaria Airport,GCLP,LPA,FALSE,,,,DKH,Boeing 738,AIRBUS A319,McDonnell Douglas MD-11,Bombardier Challenger 650,AIRBUS A340-600,AIRBUS A320,AIRBUS A320 Neo,AIRBUS A321,BOEING B787,Boeing 737 MAX,,,no
,Fuerteventura Airport,GCFV,FUE,FALSE,,,,DKH,Boeing 738,AIRBUS A319,McDonnell Douglas MD-11,Bombardier Challenger 650,AIRBUS A340-600,AIRBUS A320,AIRBUS A320 Neo,AIRBUS A321,BOEING B787,Boeing 737 MAX,,,no
,César Manrique-Lanzarote Airport,GCRR,ACE,FALSE,,,,DKH,Boeing 738,AIRBUS A319,McDonnell Douglas MD-11,Bombardier Challenger 650,AIRBUS A340-600,AIRBUS A320,AIRBUS A320 Neo,AIRBUS A321,BOEING B787,Boeing 737 MAX,,,no
,Tenerife Sur Airport,GCTS,TFS,FALSE,,,,DKH,Boeing 738,AIRBUS A319,McDonnell Douglas MD-11,Bombardier Challenger 650,AIRBUS A340-600,AIRBUS A320,AIRBUS A320 Neo,AIRBUS A321,BOEING B787,Boeing 737 MAX,,,no
,Tirana International Airport Mother Teresa,LATI,TIA,FALSE,,,,DKH,Boeing 738,AIRBUS A319,McDonnell Douglas MD-11,Bombardier Challenger 650,AIRBUS A340-600,AIRBUS A320,AIRBUS A320 Neo,AIRBUS A321,BOEING B787,Boeing 737 MAX,,,no
,Alicante-Elche Miguel Hernández Airport,LEAL,ALC,FALSE,,,,DKH,Boeing 738,AIRBUS A319,McDonnell Douglas MD-11,Bombardier Challenger 650,AIRBUS A340-600,AIRBUS A320,AIRBUS A320 Neo,AIRBUS A321,BOEING B787,Boeing 737 MAX,,,no
,Varna Airport,LBWN,VAR,FALSE,,,,DKH,Boeing 738,AIRBUS A319,McDonnell Douglas MD-11,Bombardier Challenger 650,AIRBUS A340-600,AIRBUS A320,AIRBUS A320 Neo,AIRBUS A321,BOEING B787,Boeing 737 MAX,,,no
,Sofia Airport,LBSF,SOF,FALSE,,,,DKH,Boeing 738,AIRBUS A319,McDonnell Douglas MD-11,Bombardier Challenger 650,AIRBUS A340-600,AIRBUS A320,AIRBUS A320 Neo,AIRBUS A321,BOEING B787,Boeing 737 MAX,,,no
,Burgas Airport,LBBG,BOJ,FALSE,,,,DKH,Boeing 738,AIRBUS A319,McDonnell Douglas MD-11,Bombardier Challenger 650,AIRBUS A340-600,AIRBUS A320,AIRBUS A320 Neo,AIRBUS A321,BOEING B787,Boeing 737 MAX,,,no
,Zagreb Airport,LDZA,ZAG,FALSE,,,,DKH,Boeing 738,AIRBUS A319,McDonnell Douglas MD-11,Bombardier Challenger 650,AIRBUS A340-600,AIRBUS A320,AIRBUS A320 Neo,AIRBUS A321,BOEING B787,Boeing 737 MAX,,,no
,Palma de Mallorca Airport,LEPA,PMI,FALSE,,,,DKH,Boeing 738,AIRBUS A319,McDonnell Douglas MD-11,Bombardier Challenger 650,AIRBUS A340-600,AIRBUS A320,AIRBUS A320 Neo,AIRBUS A321,BOEING B787,Boeing 737 MAX,,,no
,Ibiza Airport,LEIB,IBZ,FALSE,,,,DKH,Boeing 738,AIRBUS A319,McDonnell Douglas MD-11,Bombardier Challenger 650,AIRBUS A340-600,AIRBUS A320,AIRBUS A320 Neo,AIRBUS A321,BOEING B787,Boeing 737 MAX,,,no
,Adolfo Suárez Madrid–Barajas Airport,LEMD,MAD,FALSE,,,,DKH,Boeing 738,AIRBUS A319,McDonnell Douglas MD-11,Bombardier Challenger 650,AIRBUS A340-600,AIRBUS A320,AIRBUS A320 Neo,AIRBUS A321,BOEING B787,Boeing 737 MAX,,,no
,Málaga-Costa del Sol Airport,LEMG,AGP,FALSE,,,,DKH,Boeing 738,AIRBUS A319,McDonnell Douglas MD-11,Bombardier Challenger 650,AIRBUS A340-600,AIRBUS A320,AIRBUS A320 Neo,AIRBUS A321,BOEING B787,Boeing 737 MAX,,,no
,Josep Tarradellas Barcelona-El Prat Airport,LEBL,BCN,FALSE,,,,DKH,Boeing 738,AIRBUS A319,McDonnell Douglas MD-11,Bombardier Challenger 650,AIRBUS A340-600,AIRBUS A320,AIRBUS A320 Neo,AIRBUS A321,BOEING B787,Boeing 737 MAX,,,no
,Bordeaux-Mérignac Airport,LFBD,BOD,FALSE,,,,DKH,Boeing 738,AIRBUS A319,McDonnell Douglas MD-11,Bombardier Challenger 650,AIRBUS A340-600,AIRBUS A320,AIRBUS A320 Neo,AIRBUS A321,BOEING B787,Boeing 737 MAX,,,no
,Santiago-Rosalía de Castro Airport,LEST,SCQ,FALSE,,,,DKH,Boeing 738,AIRBUS A319,McDonnell Douglas MD-11,Bombardier Challenger 650,AIRBUS A340-600,AIRBUS A320,AIRBUS A320 Neo,AIRBUS A321,BOEING B787,Boeing 737 MAX,,,no
,Toulouse-Blagnac Airport,LFBO,TLS,FALSE,,,,DKH,Boeing 738,AIRBUS A319,McDonnell Douglas MD-11,Bombardier Challenger 650,AIRBUS A340-600,AIRBUS A320,AIRBUS A320 Neo,AIRBUS A321,BOEING B787,Boeing 737 MAX,,,no
,Lyon Saint-Exupéry Airport,LFLL,LYS,FALSE,,,,DKH,Boeing 738,AIRBUS A319,McDonnell Douglas MD-11,Bombardier Challenger 650,AIRBUS A340-600,AIRBUS A320,AIRBUS A320 Neo,AIRBUS A321,BOEING B787,Boeing 737 MAX,,,no
,Nice-Côte d'Azur Airport,LFMN,NCE,FALSE,,,,DKH,Boeing 738,AIRBUS A319,McDonnell Douglas MD-11,Bombardier Challenger 650,AIRBUS A340-600,AIRBUS A320,AIRBUS A320 Neo,AIRBUS A321,BOEING B787,Boeing 737 MAX,,,no
,Marseille Provence Airport,LFML,MRS,FALSE,,,,DKH,Boeing 738,AIRBUS A319,McDonnell Douglas MD-11,Bombardier Challenger 650,AIRBUS A340-600,AIRBUS A320,AIRBUS A320 Neo,AIRBUS A321,BOEING B787,Boeing 737 MAX,,,no
,Charles de Gaulle International Airport,LFPG,CDG,FALSE,,,,DKH,Boeing 738,AIRBUS A319,McDonnell Douglas MD-11,Bombardier Challenger 650,AIRBUS A340-600,AIRBUS A320,AIRBUS A320 Neo,AIRBUS A321,BOEING B787,Boeing 737 MAX,,,no
,Paris-Orly Airport,LFPO,ORY,FALSE,,,,DKH,Boeing 738,AIRBUS A319,McDonnell Douglas MD-11,Bombardier Challenger 650,AIRBUS A340-600,AIRBUS A320,AIRBUS A320 Neo,AIRBUS A321,BOEING B787,Boeing 737 MAX,,,no
,EuroAirport Basel-Mulhouse-Freiburg Airport,LFSB,BSL,FALSE,,,,DKH,Boeing 738,AIRBUS A319,McDonnell Douglas MD-11,Bombardier Challenger 650,AIRBUS A340-600,AIRBUS A320,AIRBUS A320 Neo,AIRBUS A321,BOEING B787,Boeing 737 MAX,,,no
,Thessaloniki Macedonia International Airport,LGTS,SKG,FALSE,,,,DKH,Boeing 738,AIRBUS A319,McDonnell Douglas MD-11,Bombardier Challenger 650,AIRBUS A340-600,AIRBUS A320,AIRBUS A320 Neo,AIRBUS A321,BOEING B787,Boeing 737 MAX,,,no
,Athens Eleftherios Venizelos International Airport,LGAV,ATH,FALSE,,,,DKH,Boeing 738,AIRBUS A319,McDonnell Douglas MD-11,Bombardier Challenger 650,AIRBUS A340-600,AIRBUS A320,AIRBUS A320 Neo,AIRBUS A321,BOEING B787,Boeing 737 MAX,,,no
,Heraklion International Nikos Kazantzakis Airport,LGIR,HER,FALSE,,,,DKH,Boeing 738,AIRBUS A319,McDonnell Douglas MD-11,Bombardier Challenger 650,AIRBUS A340-600,AIRBUS A320,AIRBUS A320 Neo,AIRBUS A321,BOEING B787,Boeing 737 MAX,,,no
,Brindisi Airport,LIBR,BDS,FALSE,,,,DKH,Boeing 738,AIRBUS A319,McDonnell Douglas MD-11,Bombardier Challenger 650,AIRBUS A340-600,AIRBUS A320,AIRBUS A320 Neo,AIRBUS A321,BOEING B787,Boeing 737 MAX,,,no
,Bari Karol Wojtyła Airport,LIBD,BRI,FALSE,,,,DKH,Boeing 738,AIRBUS A319,McDonnell Douglas MD-11,Bombardier Challenger 650,AIRBUS A340-600,AIRBUS A320,AIRBUS A320 Neo,AIRBUS A321,BOEING B787,Boeing 737 MAX,,,no
,Catania-Fontanarossa Airport,LICC,CTA,FALSE,,,,DKH,Boeing 738,AIRBUS A319,McDonnell Douglas MD-11,Bombardier Challenger 650,AIRBUS A340-600,AIRBUS A320,AIRBUS A320 Neo,AIRBUS A321,BOEING B787,Boeing 737 MAX,,,no
,Falcone–Borsellino Airport,LICJ,PMO,FALSE,,,,DKH,Boeing 738,AIRBUS A319,McDonnell Douglas MD-11,Bombardier Challenger 650,AIRBUS A340-600,AIRBUS A320,AIRBUS A320 Neo,AIRBUS A321,BOEING B787,Boeing 737 MAX,,,no
,Budapest Liszt Ferenc International Airport,LHBP,BUD,FALSE,,,,DKH,Boeing 738,AIRBUS A319,McDonnell Douglas MD-11,Bombardier Challenger 650,AIRBUS A340-600,AIRBUS A320,AIRBUS A320 Neo,AIRBUS A321,BOEING B787,Boeing 737 MAX,,,no
,Cagliari Elmas Airport,LIEE,CAG,FALSE,,,,DKH,Boeing 738,AIRBUS A319,McDonnell Douglas MD-11,Bombardier Challenger 650,AIRBUS A340-600,AIRBUS A320,AIRBUS A320 Neo,AIRBUS A321,BOEING B787,Boeing 737 MAX,,,no
,Turin Airport,LIMF,TRN,FALSE,,,,DKH,Boeing 738,AIRBUS A319,McDonnell Douglas MD-11,Bombardier Challenger 650,AIRBUS A340-600,AIRBUS A320,AIRBUS A320 Neo,AIRBUS A321,BOEING B787,Boeing 737 MAX,,,no
,Rome–Fiumicino Leonardo da Vinci International Airport,LIRF,FCO,FALSE,,,,DKH,Boeing 738,AIRBUS A319,McDonnell Douglas MD-11,Bombardier Challenger 650,AIRBUS A340-600,AIRBUS A320,AIRBUS A320 Neo,AIRBUS A321,BOEING B787,Boeing 737 MAX,,,no
,Venice Marco Polo Airport,LIPZ,VCE,FALSE,,,,DKH,Boeing 738,AIRBUS A319,McDonnell Douglas MD-11,Bombardier Challenger 650,AIRBUS A340-600,AIRBUS A320,AIRBUS A320 Neo,AIRBUS A321,BOEING B787,Boeing 737 MAX,,,no
,Malpensa International Airport,LIMC,MXP,FALSE,,,,DKH,Boeing 738,AIRBUS A319,McDonnell Douglas MD-11,Bombardier Challenger 650,AIRBUS A340-600,AIRBUS A320,AIRBUS A320 Neo,AIRBUS A321,BOEING B787,Boeing 737 MAX,,,no
,Milan Bergamo Airport,LIME,BGY,FALSE,,,,DKH,Boeing 738,AIRBUS A319,McDonnell Douglas MD-11,Bombardier Challenger 650,AIRBUS A340-600,AIRBUS A320,AIRBUS A320 Neo,AIRBUS A321,BOEING B787,Boeing 737 MAX,,,no
,Verona-Villafranca Valerio Catullo Airport,LIPX,VRN,FALSE,,,,DKH,Boeing 738,AIRBUS A319,McDonnell Douglas MD-11,Bombardier Challenger 650,AIRBUS A340-600,AIRBUS A320,AIRBUS A320 Neo,AIRBUS A321,BOEING B787,Boeing 737 MAX,,,no
,Pisa International Airport,LIRP,PSA,FALSE,,,,DKH,Boeing 738,AIRBUS A319,McDonnell Douglas MD-11,Bombardier Challenger 650,AIRBUS A340-600,AIRBUS A320,AIRBUS A320 Neo,AIRBUS A321,BOEING B787,Boeing 737 MAX,,,no
,Naples International Airport,LIRN,NAP,FALSE,,,,DKH,Boeing 738,AIRBUS A319,McDonnell Douglas MD-11,Bombardier Challenger 650,AIRBUS A340-600,AIRBUS A320,AIRBUS A320 Neo,AIRBUS A321,BOEING B787,Boeing 737 MAX,,,no
,Bologna Guglielmo Marconi Airport,LIPE,BLQ,FALSE,,,,DKH,Boeing 738,AIRBUS A319,McDonnell Douglas MD-11,Bombardier Challenger 650,AIRBUS A340-600,AIRBUS A320,AIRBUS A320 Neo,AIRBUS A321,BOEING B787,Boeing 737 MAX,,,no
,Václav Havel Airport Prague,LKPR,PRG,FALSE,,,,DKH,Boeing 738,AIRBUS A319,McDonnell Douglas MD-11,Bombardier Challenger 650,AIRBUS A340-600,AIRBUS A320,AIRBUS A320 Neo,AIRBUS A321,BOEING B787,Boeing 737 MAX,,,no
,Ljubljana Jože Pučnik Airport,LJLJ,LJU,FALSE,,,,DKH,Boeing 738,AIRBUS A319,McDonnell Douglas MD-11,Bombardier Challenger 650,AIRBUS A340-600,AIRBUS A320,AIRBUS A320 Neo,AIRBUS A321,BOEING B787,Boeing 737 MAX,,,no
,Malta International Airport,LMML,MLA,FALSE,,,,DKH,Boeing 738,AIRBUS A319,McDonnell Douglas MD-11,Bombardier Challenger 650,AIRBUS A340-600,AIRBUS A320,AIRBUS A320 Neo,AIRBUS A321,BOEING B787,Boeing 737 MAX,,,no
,Vienna International Airport,LOWW,VIE,FALSE,,,,DKH,Boeing 738,AIRBUS A319,McDonnell Douglas MD-11,Bombardier Challenger 650,AIRBUS A340-600,AIRBUS A320,AIRBUS A320 Neo,AIRBUS A321,BOEING B787,Boeing 737 MAX,,,no
,Faro Airport,LPFR,FAO,FALSE,,,,DKH,Boeing 738,AIRBUS A319,McDonnell Douglas MD-11,Bombardier Challenger 650,AIRBUS A340-600,AIRBUS A320,AIRBUS A320 Neo,AIRBUS A321,BOEING B787,Boeing 737 MAX,,,no
,João Paulo II Airport,LPPD,PDL,FALSE,,,,DKH,Boeing 738,AIRBUS A319,McDonnell Douglas MD-11,Bombardier Challenger 650,AIRBUS A340-600,AIRBUS A320,AIRBUS A320 Neo,AIRBUS A321,BOEING B787,Boeing 737 MAX,,,no
,Francisco de Sá Carneiro Airport,LPPR,OPO,FALSE,,,,DKH,Boeing 738,AIRBUS A319,McDonnell Douglas MD-11,Bombardier Challenger 650,AIRBUS A340-600,AIRBUS A320,AIRBUS A320 Neo,AIRBUS A321,BOEING B787,Boeing 737 MAX,,,no
,Henri Coandă International Airport,LROP,OTP,FALSE,,,,DKH,Boeing 738,AIRBUS A319,McDonnell Douglas MD-11,Bombardier Challenger 650,AIRBUS A340-600,AIRBUS A320,AIRBUS A320 Neo,AIRBUS A321,BOEING B787,Boeing 737 MAX,,,no
,Humberto Delgado Airport (Lisbon Portela Airport),LPPT,LIS,FALSE,,,,DKH,Boeing 738,AIRBUS A319,McDonnell Douglas MD-11,Bombardier Challenger 650,AIRBUS A340-600,AIRBUS A320,AIRBUS A320 Neo,AIRBUS A321,BOEING B787,Boeing 737 MAX,,,no
,Geneva Cointrin International Airport,LSGG,GVA,FALSE,,,,DKH,Boeing 738,AIRBUS A319,McDonnell Douglas MD-11,Bombardier Challenger 650,AIRBUS A340-600,AIRBUS A320,AIRBUS A320 Neo,AIRBUS A321,BOEING B787,Boeing 737 MAX,,,no
,Zürich Airport,LSZH,ZRH,FALSE,,,,DKH,Boeing 738,AIRBUS A319,McDonnell Douglas MD-11,Bombardier Challenger 650,AIRBUS A340-600,AIRBUS A320,AIRBUS A320 Neo,AIRBUS A321,BOEING B787,Boeing 737 MAX,,,no
,İstanbul Atatürk Airport,LTBA,ISL,FALSE,,,,DKH,Boeing 738,AIRBUS A319,McDonnell Douglas MD-11,Bombardier Challenger 650,AIRBUS A340-600,AIRBUS A320,AIRBUS A320 Neo,AIRBUS A321,BOEING B787,Boeing 737 MAX,,,no
,İstanbul Airport,LTFM,IST,FALSE,,,,DKH,Boeing 738,AIRBUS A319,McDonnell Douglas MD-11,Bombardier Challenger 650,AIRBUS A340-600,AIRBUS A320,AIRBUS A320 Neo,AIRBUS A321,BOEING B787,Boeing 737 MAX,,,no
,Skopje International Airport,LWSK,SKP,FALSE,,,,DKH,Boeing 738,AIRBUS A319,McDonnell Douglas MD-11,Bombardier Challenger 650,AIRBUS A340-600,AIRBUS A320,AIRBUS A320 Neo,AIRBUS A321,BOEING B787,Boeing 737 MAX,,,no
,Podgorica Airport / Podgorica Golubovci Airbase,LYPG,TGD,FALSE,,,,DKH,Boeing 738,AIRBUS A319,McDonnell Douglas MD-11,Bombardier Challenger 650,AIRBUS A340-600,AIRBUS A320,AIRBUS A320 Neo,AIRBUS A321,BOEING B787,Boeing 737 MAX,,,no
,M. R. Štefánik Airport,LZIB,BTS,FALSE,,,,DKH,Boeing 738,AIRBUS A319,McDonnell Douglas MD-11,Bombardier Challenger 650,AIRBUS A340-600,AIRBUS A320,AIRBUS A320 Neo,AIRBUS A321,BOEING B787,Boeing 737 MAX,,,no
,Belgrade Nikola Tesla Airport,LYBE,BEG,FALSE,,,,DKH,Boeing 738,AIRBUS A319,McDonnell Douglas MD-11,Bombardier Challenger 650,AIRBUS A340-600,AIRBUS A320,AIRBUS A320 Neo,AIRBUS A321,BOEING B787,Boeing 737 MAX,,,no
,Lipetsk Air Base,RU-0016,,FALSE,,,,DKH,Boeing 738,AIRBUS A319,McDonnell Douglas MD-11,Bombardier Challenger 650,AIRBUS A340-600,AIRBUS A320,AIRBUS A320 Neo,AIRBUS A321,BOEING B787,Boeing 737 MAX,,,no
,Olenya Air Base,RU-4464,,FALSE,,,,DKH,Boeing 738,AIRBUS A319,McDonnell Douglas MD-11,Bombardier Challenger 650,AIRBUS A340-600,AIRBUS A320,AIRBUS A320 Neo,AIRBUS A321,BOEING B787,Boeing 737 MAX,,,no
,Vladivostok International Airport,UHWW,VVO,FALSE,,,,DKH,Boeing 738,AIRBUS A319,McDonnell Douglas MD-11,Bombardier Challenger 650,AIRBUS A340-600,AIRBUS A320,AIRBUS A320 Neo,AIRBUS A321,BOEING B787,Boeing 737 MAX,,,no
,Lviv International Airport,UKLL,LWO,FALSE,,,,DKH,Boeing 738,AIRBUS A319,McDonnell Douglas MD-11,Bombardier Challenger 650,AIRBUS A340-600,AIRBUS A320,AIRBUS A320 Neo,AIRBUS A321,BOEING B787,Boeing 737 MAX,,,no
,Pulkovo Airport,ULLI,LED,FALSE,,,,DKH,Boeing 738,AIRBUS A319,McDonnell Douglas MD-11,Bombardier Challenger 650,AIRBUS A340-600,AIRBUS A320,AIRBUS A320 Neo,AIRBUS A321,BOEING B787,Boeing 737 MAX,,,no
,Boryspil International Airport,UKBB,KBP,FALSE,,,,DKH,Boeing 738,AIRBUS A319,McDonnell Douglas MD-11,Bombardier Challenger 650,AIRBUS A340-600,AIRBUS A320,AIRBUS A320 Neo,AIRBUS A321,BOEING B787,Boeing 737 MAX,,,no
,Novosibirsk Tolmachevo Airport,UNNT,OVB,FALSE,,,,DKH,Boeing 738,AIRBUS A319,McDonnell Douglas MD-11,Bombardier Challenger 650,AIRBUS A340-600,AIRBUS A320,AIRBUS A320 Neo,AIRBUS A321,BOEING B787,Boeing 737 MAX,,,no
,Krasnoyarsk International Airport,UNKL,KJA,FALSE,,,,DKH,Boeing 738,AIRBUS A319,McDonnell Douglas MD-11,Bombardier Challenger 650,AIRBUS A340-600,AIRBUS A320,AIRBUS A320 Neo,AIRBUS A321,BOEING B787,Boeing 737 MAX,,,no
,Minsk National Airport,UMMS,MSQ,FALSE,,,,DKH,Boeing 738,AIRBUS A319,McDonnell Douglas MD-11,Bombardier Challenger 650,AIRBUS A340-600,AIRBUS A320,AIRBUS A320 Neo,AIRBUS A321,BOEING B787,Boeing 737 MAX,,,no
,Platov International Airport,URRP,ROV,FALSE,,,,DKH,Boeing 738,AIRBUS A319,McDonnell Douglas MD-11,Bombardier Challenger 650,AIRBUS A340-600,AIRBUS A320,AIRBUS A320 Neo,AIRBUS A321,BOEING B787,Boeing 737 MAX,,,no
,Sochi International Airport,URSS,AER,FALSE,,,,DKH,Boeing 738,AIRBUS A319,McDonnell Douglas MD-11,Bombardier Challenger 650,AIRBUS A340-600,AIRBUS A320,AIRBUS A320 Neo,AIRBUS A321,BOEING B787,Boeing 737 MAX,,,no
,Domodedovo International Airport,UUDD,DME,FALSE,,,,DKH,Boeing 738,AIRBUS A319,McDonnell Douglas MD-11,Bombardier Challenger 650,AIRBUS A340-600,AIRBUS A320,AIRBUS A320 Neo,AIRBUS A321,BOEING B787,Boeing 737 MAX,,,no
,Vnukovo International Airport,UUWW,VKO,FALSE,,,,DKH,Boeing 738,AIRBUS A319,McDonnell Douglas MD-11,Bombardier Challenger 650,AIRBUS A340-600,AIRBUS A320,AIRBUS A320 Neo,AIRBUS A321,BOEING B787,Boeing 737 MAX,,,no
,Zhukovsky International Airport,UUBW,ZIA,FALSE,,,,DKH,Boeing 738,AIRBUS A319,McDonnell Douglas MD-11,Bombardier Challenger 650,AIRBUS A340-600,AIRBUS A320,AIRBUS A320 Neo,AIRBUS A321,BOEING B787,Boeing 737 MAX,,,no
,Kazan International Airport,UWKD,KZN,FALSE,,,,DKH,Boeing 738,AIRBUS A319,McDonnell Douglas MD-11,Bombardier Challenger 650,AIRBUS A340-600,AIRBUS A320,AIRBUS A320 Neo,AIRBUS A321,BOEING B787,Boeing 737 MAX,,,no
,Sheremetyevo International Airport,UUEE,SVO,FALSE,,,,DKH,Boeing 738,AIRBUS A319,McDonnell Douglas MD-11,Bombardier Challenger 650,AIRBUS A340-600,AIRBUS A320,AIRBUS A320 Neo,AIRBUS A321,BOEING B787,Boeing 737 MAX,,,no
,Gagarin International Airport,UWSG,GSV,FALSE,,,,DKH,Boeing 738,AIRBUS A319,McDonnell Douglas MD-11,Bombardier Challenger 650,AIRBUS A340-600,AIRBUS A320,AIRBUS A320 Neo,AIRBUS A321,BOEING B787,Boeing 737 MAX,,,no
,Kurumoch International Airport,UWWW,KUF,FALSE,,,,DKH,Boeing 738,AIRBUS A319,McDonnell Douglas MD-11,Bombardier Challenger 650,AIRBUS A340-600,AIRBUS A320,AIRBUS A320 Neo,AIRBUS A321,BOEING B787,Boeing 737 MAX,,,no
,Ufa International Airport,UWUU,UFA,FALSE,,,,DKH,Boeing 738,AIRBUS A319,McDonnell Douglas MD-11,Bombardier Challenger 650,AIRBUS A340-600,AIRBUS A320,AIRBUS A320 Neo,AIRBUS A321,BOEING B787,Boeing 737 MAX,,,no